"다발지식별자","다발지그룹식별자","법정동코드","스팟코드","관할경찰서","다발지명","발생건수","사상자수","사망자수","중상자수","경상자수","부상신고자수","경도","위도","다발지역폴리곤"
6393999,"2018027","2723012400","27230001","대구광역시 북구1","대구광역시 북구 동천동(함지초교 부근)",3,3,0,1,2,0,128.55869730254,35.9348481306376,"{""type"":""Polygon"",""coordinates"":[[[128.56202261,35.93481876],[128.56201311,35.93505457],[128.56197838,35.93528881],[128.56191867,35.93551969],[128.56183444,35.93574547],[128.56172634,35.93596442],[128.56159519,35.93617487],[128.56144198,35.93637522],[128.56126788,35.93656396],[128.56107421,35.93673963],[128.56086246,35.93690091],[128.56063422,35.93704656],[128.56039124,35.93717549],[128.56013537,35.93728670],[128.55986855,35.93737935],[128.55959282,35.93745274],[128.55931028,35.93750630],[128.55902306,35.93753963],[128.55873337,35.93755248],[128.55844340,35.93754475],[128.55815537,35.93751649],[128.55787146,35.93746792],[128.55759384,35.93739941],[128.55732461,35.93731149],[128.55706583,35.93720482],[128.55681947,35.93708021],[128.55658741,35.93693862],[128.55637140,35.93678111],[128.55617309,35.93660890],[128.55599400,35.93642328],[128.55583548,35.93622567],[128.55569875,35.93601758],[128.55558483,35.93580059],[128.55549461,35.93557636],[128.55542875,35.93534658],[128.55538778,35.93511300],[128.55537199,35.93487741],[128.55538151,35.93464160],[128.55541627,35.93440736],[128.55547599,35.93417648],[128.55556024,35.93395071],[128.55566835,35.93373177],[128.55579952,35.93352132],[128.55595274,35.93332097],[128.55612684,35.93313225],[128.55632051,35.93295658],[128.55653227,35.93279531],[128.55676050,35.93264966],[128.55700347,35.93252075],[128.55725933,35.93240954],[128.55752613,35.93231690],[128.55780185,35.93224352],[128.55808438,35.93218996],[128.55837157,35.93215663],[128.55866124,35.93214378],[128.55895119,35.93215152],[128.55923921,35.93217977],[128.55952310,35.93222834],[128.55980070,35.93229684],[128.56006992,35.93238476],[128.56032868,35.93249142],[128.56057503,35.93261602],[128.56080709,35.93275761],[128.56102310,35.93291511],[128.56122140,35.93308731],[128.56140050,35.93327292],[128.56155903,35.93347052],[128.56169577,35.93367860],[128.56180970,35.93389559],[128.56189994,35.93411982],[128.56196581,35.93434960],[128.56200681,35.93458317],[128.56202261,35.93481876]]]}"
6394244,"2018027","2823710300","28237001","인천광역시 부평구1","인천광역시 부평구 산곡동(부곡초교 부근)",2,2,0,2,0,0,126.708614547924,37.5034303270489,"{""type"":""Polygon"",""coordinates"":[[[126.71200842,37.50345302],[126.71199303,37.50368859],[126.71195193,37.50392219],[126.71188542,37.50415205],[126.71179403,37.50437642],[126.71167843,37.50459359],[126.71153951,37.50480190],[126.71137833,37.50499978],[126.71119612,37.50518571],[126.71099426,37.50535829],[126.71077428,37.50551618],[126.71053787,37.50565821],[126.71028682,37.50578328],[126.71002304,37.50589044],[126.70974854,37.50597888],[126.70946541,37.50604792],[126.70917580,37.50609704],[126.70888192,37.50612586],[126.70858600,37.50613417],[126.70829031,37.50612190],[126.70799707,37.50608914],[126.70770854,37.50603615],[126.70742691,37.50596332],[126.70715432,37.50587122],[126.70689284,37.50576054],[126.70664446,37.50563212],[126.70641108,37.50548695],[126.70619447,37.50532613],[126.70599628,37.50515087],[126.70581802,37.50496253],[126.70566104,37.50476252],[126.70552654,37.50455237],[126.70541555,37.50433368],[126.70532890,37.50410812],[126.70526725,37.50387740],[126.70523109,37.50364328],[126.70522067,37.50340754],[126.70523608,37.50317197],[126.70527721,37.50293837],[126.70534373,37.50270851],[126.70543515,37.50248415],[126.70555076,37.50226699],[126.70568969,37.50205868],[126.70585087,37.50186081],[126.70603309,37.50167489],[126.70623496,37.50150232],[126.70645493,37.50134443],[126.70669133,37.50120241],[126.70694238,37.50107735],[126.70720614,37.50097020],[126.70748063,37.50088177],[126.70776374,37.50081273],[126.70805333,37.50076362],[126.70834719,37.50073479],[126.70864309,37.50072649],[126.70893876,37.50073876],[126.70923197,37.50077151],[126.70952048,37.50082450],[126.70980210,37.50089732],[126.71007468,37.50098942],[126.71033615,37.50110009],[126.71058451,37.50122850],[126.71081789,37.50137366],[126.71103450,37.50153448],[126.71123269,37.50170972],[126.71141096,37.50189806],[126.71156795,37.50209806],[126.71170246,37.50230820],[126.71181347,37.50252688],[126.71190014,37.50275244],[126.71196180,37.50298316],[126.71199799,37.50321728],[126.71200842,37.50345302]]]}"
6393992,"2018027","2823710100","28237002","인천광역시 부평구2","인천광역시 부평구 부평동(부원초교 부근)",2,2,0,1,1,0,126.718762914278,37.5034347894849,"{""type"":""Polygon"",""coordinates"":[[[126.72215680,37.50345719],[126.72214144,37.50369276],[126.72210037,37.50392637],[126.72203389,37.50415623],[126.72194253,37.50438061],[126.72182696,37.50459779],[126.72168807,37.50480612],[126.72152692,37.50500401],[126.72134473,37.50518996],[126.72114289,37.50536255],[126.72092294,37.50552046],[126.72068654,37.50566251],[126.72043551,37.50578760],[126.72017174,37.50589478],[126.71989725,37.50598325],[126.71961413,37.50605231],[126.71932453,37.50610145],[126.71903065,37.50613030],[126.71873473,37.50613864],[126.71843904,37.50612639],[126.71814580,37.50609366],[126.71785726,37.50604069],[126.71757562,37.50596789],[126.71730301,37.50587581],[126.71704151,37.50576515],[126.71679312,37.50563676],[126.71655972,37.50549161],[126.71634309,37.50533080],[126.71614488,37.50515556],[126.71596659,37.50496723],[126.71580958,37.50476724],[126.71567506,37.50455710],[126.71556403,37.50433842],[126.71547735,37.50411287],[126.71541568,37.50388215],[126.71537948,37.50364803],[126.71536903,37.50341229],[126.71538441,37.50317672],[126.71542550,37.50294312],[126.71549200,37.50271326],[126.71558338,37.50248888],[126.71569896,37.50227171],[126.71583786,37.50206339],[126.71599902,37.50186551],[126.71618122,37.50167957],[126.71638306,37.50150699],[126.71660301,37.50134908],[126.71683940,37.50120704],[126.71709042,37.50108195],[126.71735417,37.50097478],[126.71762865,37.50088632],[126.71791175,37.50081726],[126.71820134,37.50076812],[126.71849519,37.50073927],[126.71879109,37.50073094],[126.71908676,37.50074319],[126.71937998,37.50077592],[126.71966850,37.50082888],[126.71995012,37.50090167],[126.72022272,37.50099375],[126.72048420,37.50110440],[126.72073259,37.50123279],[126.72096598,37.50137793],[126.72118261,37.50153873],[126.72138083,37.50171396],[126.72155912,37.50190228],[126.72171614,37.50210227],[126.72185068,37.50231240],[126.72196172,37.50253107],[126.72204842,37.50275662],[126.72211011,37.50298733],[126.72214633,37.50322145],[126.72215680,37.50345719]]]}"
6394552,"2018027","2826010600","28260001","인천광역시 서구1","인천광역시 서구 연희동(청라초교 부근)",2,2,0,1,1,0,126.655016412678,37.5380001900576,"{""type"":""Polygon"",""coordinates"":[[[126.65841181,37.53802444],[126.65839624,37.53826000],[126.65835495,37.53849358],[126.65828825,37.53872341],[126.65819665,37.53894773],[126.65808084,37.53916484],[126.65794171,37.53937309],[126.65778031,37.53957089],[126.65759788,37.53975674],[126.65739580,37.53992921],[126.65717562,37.54008701],[126.65693899,37.54022892],[126.65668774,37.54035388],[126.65642376,37.54046091],[126.65614907,37.54054922],[126.65586576,37.54061813],[126.65557599,37.54066712],[126.65528195,37.54069581],[126.65498590,37.54070398],[126.65469007,37.54069157],[126.65439673,37.54065868],[126.65410811,37.54060555],[126.65382640,37.54053260],[126.65355375,37.54044038],[126.65329223,37.54032958],[126.65304384,37.54020105],[126.65281046,37.54005577],[126.65259387,37.53989485],[126.65239571,37.53971951],[126.65221751,37.53953108],[126.65206060,37.53933100],[126.65192620,37.53912080],[126.65181531,37.53890206],[126.65172878,37.53867647],[126.65166728,37.53844572],[126.65163127,37.53821159],[126.65162102,37.53797584],[126.65163661,37.53774029],[126.65167792,37.53750671],[126.65174464,37.53727688],[126.65183626,37.53705257],[126.65195208,37.53683546],[126.65209122,37.53662722],[126.65225262,37.53642943],[126.65243506,37.53624359],[126.65263714,37.53607112],[126.65285732,37.53591333],[126.65309394,37.53577143],[126.65334519,37.53564648],[126.65360915,37.53553945],[126.65388383,37.53545115],[126.65416712,37.53538224],[126.65445687,37.53533326],[126.65475089,37.53530457],[126.65504692,37.53529640],[126.65534272,37.53530881],[126.65563604,37.53534170],[126.65592464,37.53539482],[126.65620634,37.53546776],[126.65647897,37.53555998],[126.65674048,37.53567078],[126.65698887,37.53579930],[126.65722224,37.53594456],[126.65743883,37.53610548],[126.65763699,37.53628081],[126.65781520,37.53646923],[126.65797211,37.53666930],[126.65810653,37.53687950],[126.65821744,37.53709823],[126.65830398,37.53732382],[126.65836550,37.53755456],[126.65840154,37.53778870],[126.65841181,37.53802444]]]}"
6394553,"2018027","2915510600","29155001","광주광역시 남구1","광주광역시 남구 주월동(장산초교 부근)",2,2,0,1,1,0,126.895015277434,35.1301637066906,"{""type"":""Polygon"",""coordinates"":[[[126.89830793,35.13018010],[126.89829366,35.13041579],[126.89825445,35.13064957],[126.89819058,35.13087965],[126.89810255,35.13110429],[126.89799102,35.13132176],[126.89785684,35.13153042],[126.89770103,35.13172868],[126.89752479,35.13191503],[126.89732944,35.13208805],[126.89711648,35.13224642],[126.89688752,35.13238895],[126.89664432,35.13251453],[126.89638872,35.13262223],[126.89612266,35.13271121],[126.89584818,35.13278081],[126.89556735,35.13283049],[126.89528233,35.13285987],[126.89499527,35.13286873],[126.89470836,35.13285700],[126.89442379,35.13282478],[126.89414372,35.13277230],[126.89387029,35.13269997],[126.89360557,35.13260833],[126.89335158,35.13249809],[126.89311025,35.13237009],[126.89288342,35.13222529],[126.89267282,35.13206480],[126.89248005,35.13188984],[126.89230657,35.13170175],[126.89215371,35.13150195],[126.89202263,35.13129196],[126.89191432,35.13107339],[126.89182962,35.13084790],[126.89176916,35.13061720],[126.89173340,35.13038305],[126.89172263,35.13014723],[126.89173691,35.12991153],[126.89177614,35.12967775],[126.89184003,35.12944768],[126.89192807,35.12922305],[126.89203962,35.12900558],[126.89217381,35.12879693],[126.89232962,35.12859868],[126.89250587,35.12841234],[126.89270122,35.12823932],[126.89291418,35.12808096],[126.89314313,35.12793844],[126.89338632,35.12781286],[126.89364191,35.12770517],[126.89390796,35.12761619],[126.89418243,35.12754660],[126.89446323,35.12749692],[126.89474824,35.12746754],[126.89503528,35.12745868],[126.89532217,35.12747041],[126.89560672,35.12750263],[126.89588677,35.12755511],[126.89616019,35.12762743],[126.89642490,35.12771906],[126.89667888,35.12782929],[126.89692020,35.12795729],[126.89714702,35.12810208],[126.89735762,35.12826257],[126.89755040,35.12843752],[126.89772388,35.12862560],[126.89787675,35.12882540],[126.89800784,35.12903537],[126.89811616,35.12925394],[126.89820088,35.12947943],[126.89826136,35.12971013],[126.89829713,35.12994428],[126.89830793,35.13018010]]]}"
6394247,"2018027","2917011500","29170001","광주광역시 북구1","광주광역시 북구 오치동(오정초교 부근)",1,1,1,0,0,0,126.911560132095,35.1849368151828,"{""type"":""Polygon"",""coordinates"":[[[126.91484090,35.18495271],[126.91482673,35.18518740],[126.91478770,35.18542018],[126.91472411,35.18564928],[126.91463644,35.18587296],[126.91452535,35.18608952],[126.91439170,35.18629730],[126.91423649,35.18649473],[126.91406092,35.18668031],[126.91386631,35.18685261],[126.91365415,35.18701033],[126.91342605,35.18715227],[126.91318375,35.18727735],[126.91292909,35.18738462],[126.91266401,35.18747326],[126.91239053,35.18754259],[126.91211073,35.18759209],[126.91182673,35.18762139],[126.91154071,35.18763025],[126.91125484,35.18761861],[126.91097129,35.18758656],[126.91069222,35.18753434],[126.91041976,35.18746236],[126.91015598,35.18737115],[126.90990288,35.18726141],[126.90966240,35.18713399],[126.90943637,35.18698984],[126.90922649,35.18683007],[126.90903438,35.18665588],[126.90886149,35.18646862],[126.90870915,35.18626969],[126.90857850,35.18606063],[126.90847054,35.18584301],[126.90838610,35.18561849],[126.90832581,35.18538878],[126.90829014,35.18515564],[126.90827936,35.18492083],[126.90829355,35.18468614],[126.90833259,35.18445337],[126.90839620,35.18422427],[126.90848389,35.18400059],[126.90859499,35.18378404],[126.90872866,35.18357626],[126.90888387,35.18337884],[126.90905945,35.18319328],[126.90925406,35.18302098],[126.90946622,35.18286326],[126.90969431,35.18272133],[126.90993661,35.18259625],[126.91019126,35.18248899],[126.91045632,35.18240036],[126.91072979,35.18233103],[126.91100957,35.18228153],[126.91129354,35.18225224],[126.91157955,35.18224338],[126.91186540,35.18225502],[126.91214893,35.18228707],[126.91242798,35.18233928],[126.91270043,35.18241126],[126.91296420,35.18250247],[126.91321728,35.18261219],[126.91345776,35.18273961],[126.91368379,35.18288375],[126.91389366,35.18304352],[126.91408577,35.18321770],[126.91425866,35.18340495],[126.91441102,35.18360387],[126.91454168,35.18381293],[126.91464965,35.18403055],[126.91473411,35.18425506],[126.91479441,35.18448476],[126.91483010,35.18471790],[126.91484090,35.18495271]]]}"
6394554,"2018027","2920011800","29200001","광주광역시 광산구1","광주광역시 광산구 신창동(신창초교 부근)",2,2,0,1,1,0,126.840330874471,35.1987447252897,"{""type"":""Polygon"",""coordinates"":[[[126.84362625,35.19876263],[126.84361182,35.19899832],[126.84357241,35.19923207],[126.84350833,35.19946212],[126.84342007,35.19968671],[126.84330830,35.19990413],[126.84317387,35.20011272],[126.84301780,35.20031091],[126.84284128,35.20049717],[126.84264565,35.20067010],[126.84243240,35.20082837],[126.84220316,35.20097078],[126.84195967,35.20109626],[126.84170378,35.20120383],[126.84143744,35.20129270],[126.84116268,35.20136216],[126.84088159,35.20141171],[126.84059630,35.20144096],[126.84030900,35.20144969],[126.84002186,35.20143783],[126.83973708,35.20140547],[126.83945681,35.20135287],[126.83918320,35.20128041],[126.83891832,35.20118866],[126.83866419,35.20107830],[126.83842275,35.20095019],[126.83819583,35.20080529],[126.83798517,35.20064471],[126.83779235,35.20046966],[126.83761886,35.20028149],[126.83746601,35.20008163],[126.83733496,35.19987158],[126.83722671,35.19965297],[126.83714209,35.19942744],[126.83708174,35.19919671],[126.83704612,35.19896255],[126.83703549,35.19872673],[126.83704995,35.19849104],[126.83708937,35.19825729],[126.83715347,35.19802725],[126.83724174,35.19780266],[126.83735353,35.19758525],[126.83748797,35.19737666],[126.83764405,35.19717849],[126.83782058,35.19699223],[126.83801621,35.19681931],[126.83822945,35.19666104],[126.83845869,35.19651864],[126.83870217,35.19639317],[126.83895805,35.19628560],[126.83922437,35.19619675],[126.83949912,35.19612728],[126.83978019,35.19607774],[126.84006546,35.19604849],[126.84035274,35.19603976],[126.84063986,35.19605162],[126.84092463,35.19608397],[126.84120488,35.19613657],[126.84147848,35.19620902],[126.84174334,35.19630077],[126.84199746,35.19641112],[126.84223889,35.19653923],[126.84246580,35.19668412],[126.84267647,35.19684470],[126.84286928,35.19701973],[126.84304278,35.19720790],[126.84319564,35.19740776],[126.84332670,35.19761779],[126.84343496,35.19783640],[126.84351960,35.19806193],[126.84357997,35.19829265],[126.84361561,35.19852681],[126.84362625,35.19876263]]]}"
6394252,"2018027","3011010900","30110001","대전광역시 동구1","대전광역시 동구 용운동(푸른숲어린이집 부근)",1,1,1,0,0,0,127.452365766368,36.3275178655579,"{""type"":""Polygon"",""coordinates"":[[[127.45569848,36.32751915],[127.45568567,36.32775418],[127.45564759,36.32798741],[127.45558453,36.32821707],[127.45549697,36.32844141],[127.45538558,36.32865872],[127.45525121,36.32886735],[127.45509488,36.32906570],[127.45491778,36.32925228],[127.45472125,36.32942566],[127.45450679,36.32958451],[127.45427604,36.32972764],[127.45403075,36.32985395],[127.45377279,36.32996248],[127.45350412,36.33005241],[127.45322678,36.33012305],[127.45294289,36.33017385],[127.45265461,36.33020445],[127.45236413,36.33021459],[127.45207366,36.33020422],[127.45178541,36.33017339],[127.45150158,36.33012236],[127.45122433,36.33005150],[127.45095577,36.32996136],[127.45069794,36.32985263],[127.45045280,36.32972612],[127.45022222,36.32958281],[127.45000796,36.32942378],[127.44981164,36.32925024],[127.44963477,36.32906353],[127.44947868,36.32886505],[127.44934456,36.32865631],[127.44923344,36.32843891],[127.44914615,36.32821450],[127.44908337,36.32798480],[127.44904558,36.32775153],[127.44903305,36.32751649],[127.44904588,36.32728146],[127.44908398,36.32704823],[127.44914706,36.32681857],[127.44923463,36.32659424],[127.44934603,36.32637694],[127.44948042,36.32616832],[127.44963676,36.32596997],[127.44981387,36.32578340],[127.45001040,36.32561003],[127.45022485,36.32545118],[127.45045560,36.32530806],[127.45070088,36.32518175],[127.45095883,36.32507323],[127.45122749,36.32498331],[127.45150481,36.32491268],[127.45178868,36.32486187],[127.45207695,36.32483128],[127.45236741,36.32482114],[127.45265786,36.32483151],[127.45294608,36.32486233],[127.45322989,36.32491337],[127.45350713,36.32498422],[127.45377568,36.32507435],[127.45403350,36.32518308],[127.45427862,36.32530958],[127.45450920,36.32545289],[127.45472346,36.32561191],[127.45491977,36.32578543],[127.45509666,36.32597214],[127.45525275,36.32617062],[127.45538688,36.32637934],[127.45549802,36.32659674],[127.45558532,36.32682114],[127.45564812,36.32705085],[127.45568593,36.32728411],[127.45569848,36.32751915]]]}"
6394250,"2018027","3011011400","30110002","대전광역시 동구2","대전광역시 동구 가양동(동대전초교 부근)",1,1,1,0,0,0,127.448041228821,36.3520982301501,"{""type"":""Polygon"",""coordinates"":[[[127.45138632,36.35209964],[127.45137345,36.35233547],[127.45133521,36.35256949],[127.45127190,36.35279993],[127.45118401,36.35302502],[127.45107220,36.35324307],[127.45093732,36.35345240],[127.45078039,36.35365142],[127.45060262,36.35383862],[127.45040535,36.35401258],[127.45019009,36.35417197],[127.44995848,36.35431558],[127.44971227,36.35444231],[127.44945334,36.35455120],[127.44918367,36.35464142],[127.44890530,36.35471228],[127.44862035,36.35476325],[127.44833099,36.35479394],[127.44803943,36.35480411],[127.44774788,36.35479369],[127.44745857,36.35476275],[127.44717369,36.35471153],[127.44689541,36.35464042],[127.44662586,36.35454997],[127.44636708,36.35444085],[127.44612104,36.35431391],[127.44588961,36.35417010],[127.44567456,36.35401053],[127.44547753,36.35383640],[127.44530000,36.35364904],[127.44514335,36.35344988],[127.44500874,36.35324043],[127.44489722,36.35302229],[127.44480962,36.35279712],[127.44474662,36.35256662],[127.44470870,36.35233257],[127.44469614,36.35209673],[127.44470903,36.35186090],[127.44474729,36.35162688],[127.44481061,36.35139645],[127.44489852,36.35117136],[127.44501035,36.35095332],[127.44514524,36.35074400],[127.44530218,36.35054498],[127.44547995,36.35035778],[127.44567722,36.35018383],[127.44589248,36.35002445],[127.44612409,36.34988085],[127.44637029,36.34975413],[127.44662921,36.34964525],[127.44689887,36.34955503],[127.44717722,36.34948417],[127.44746215,36.34943321],[127.44775149,36.34940252],[127.44804303,36.34939235],[127.44833456,36.34940277],[127.44862385,36.34943371],[127.44890871,36.34948492],[127.44918697,36.34955603],[127.44945651,36.34964648],[127.44971528,36.34975559],[127.44996131,36.34988252],[127.45019273,36.35002632],[127.45040778,36.35018589],[127.45060482,36.35036001],[127.45078235,36.35054736],[127.45093901,36.35074652],[127.45107363,36.35095596],[127.45118517,36.35117409],[127.45127278,36.35139926],[127.45133579,36.35162975],[127.45137374,36.35186380],[127.45138632,36.35209964]]]}"
6394555,"2018027","3017011100","30170001","대전광역시 서구1","대전광역시 서구 갈마동(깨비나라어린이집 부근)",2,2,0,0,2,0,127.36626781321,36.3520662484595,"{""type"":""Polygon"",""coordinates"":[[[127.36961134,36.35206994],[127.36959822,36.35230565],[127.36955976,36.35253954],[127.36949624,36.35276983],[127.36940816,36.35299476],[127.36929617,36.35321262],[127.36916113,36.35342176],[127.36900407,36.35362059],[127.36882619,36.35380758],[127.36862883,36.35398132],[127.36841350,36.35414049],[127.36818185,36.35428387],[127.36793562,36.35441037],[127.36767670,36.35451904],[127.36740706,36.35460903],[127.36712874,36.35467967],[127.36684387,36.35473042],[127.36655462,36.35476090],[127.36626319,36.35477086],[127.36597179,36.35476025],[127.36568264,36.35472912],[127.36539795,36.35467773],[127.36511987,36.35460647],[127.36485054,36.35451587],[127.36459199,36.35440663],[127.36434620,36.35427958],[127.36411503,36.35413568],[127.36390025,36.35397603],[127.36370349,36.35380185],[127.36352625,36.35361446],[127.36336987,36.35341528],[127.36323555,36.35320584],[127.36312430,36.35298772],[127.36303699,36.35276260],[127.36297426,36.35253217],[127.36293659,36.35229820],[127.36292428,36.35206246],[127.36293742,36.35182675],[127.36297590,36.35159287],[127.36303944,36.35136258],[127.36312754,36.35113766],[127.36323955,36.35091980],[127.36337459,36.35071067],[127.36353166,36.35051185],[127.36370955,36.35032486],[127.36390691,36.35015113],[127.36412223,36.34999197],[127.36435389,36.34984859],[127.36460010,36.34972210],[127.36485901,36.34961344],[127.36512864,36.34952345],[127.36540694,36.34945282],[127.36569179,36.34940207],[127.36598102,36.34937160],[127.36627244,36.34936163],[127.36656382,36.34937225],[127.36685294,36.34940337],[127.36713762,36.34945475],[127.36741568,36.34952601],[127.36768500,36.34961661],[127.36794353,36.34972584],[127.36818932,36.34985289],[127.36842048,36.34999678],[127.36863526,36.35015642],[127.36883202,36.35033059],[127.36900927,36.35051798],[127.36916566,36.35071715],[127.36929999,36.35092658],[127.36941125,36.35114469],[127.36949858,36.35136981],[127.36956133,36.35160024],[127.36959901,36.35183421],[127.36961134,36.35206994]]]}"
6394251,"2018027","4113310400","41133001","경기도 성남시 중원구1","경기도 성남시 중원구 은행동(중부초교 부근)",1,1,1,0,0,0,127.165031940972,37.4507312269654,"{""type"":""Polygon"",""coordinates"":[[[127.16840912,37.45074075],[127.16839523,37.45097538],[127.16835575,37.45120815],[127.16829097,37.45143729],[127.16820138,37.45166105],[127.16808768,37.45187774],[127.16795071,37.45208571],[127.16779154,37.45228336],[127.16761135,37.45246921],[127.16741154,37.45264182],[127.16719361,37.45279990],[127.16695923,37.45294223],[127.16671018,37.45306773],[127.16644836,37.45317545],[127.16617576,37.45326457],[127.16589445,37.45333441],[127.16560658,37.45338444],[127.16531433,37.45341427],[127.16501993,37.45342368],[127.16472563,37.45341260],[127.16443365,37.45338111],[127.16414623,37.45332946],[127.16386555,37.45325802],[127.16359375,37.45316736],[127.16333290,37.45305816],[127.16308498,37.45293125],[127.16285187,37.45278759],[127.16263536,37.45262829],[127.16243709,37.45245454],[127.16225857,37.45226768],[127.16210116,37.45206913],[127.16196605,37.45186039],[127.16185428,37.45164306],[127.16176670,37.45141879],[127.16170396,37.45118929],[127.16166655,37.45095631],[127.16165476,37.45072161],[127.16166867,37.45048698],[127.16170817,37.45025422],[127.16177297,37.45002508],[127.16186257,37.44980132],[127.16197630,37.44958463],[127.16211327,37.44937668],[127.16227246,37.44917903],[127.16245265,37.44899319],[127.16265246,37.44882058],[127.16287039,37.44866252],[127.16310476,37.44852019],[127.16335380,37.44839470],[127.16361561,37.44828698],[127.16388820,37.44819787],[127.16416949,37.44812804],[127.16445734,37.44807802],[127.16474957,37.44804819],[127.16504395,37.44803877],[127.16533823,37.44804985],[127.16563018,37.44808134],[127.16591758,37.44813299],[127.16619825,37.44820442],[127.16647003,37.44829507],[127.16673087,37.44840427],[127.16697879,37.44853117],[127.16721189,37.44867482],[127.16742840,37.44883412],[127.16762667,37.44900786],[127.16780519,37.44919471],[127.16796261,37.44939325],[127.16809773,37.44960198],[127.16820952,37.44981931],[127.16829712,37.45004357],[127.16835988,37.45027307],[127.16839731,37.45050605],[127.16840912,37.45074075]]]}"
6394229,"2018027","4119011200","41190001","경기도 부천시1","경기도 부천시 범박동(범박초교 부근)",2,2,0,1,1,0,126.809341061442,37.4702435134283,"{""type"":""Polygon"",""coordinates"":[[[126.81273351,37.47026329],[126.81271845,37.47049888],[126.81267768,37.47073253],[126.81261151,37.47096245],[126.81252045,37.47118690],[126.81240520,37.47140417],[126.81226662,37.47161261],[126.81210578,37.47181063],[126.81192390,37.47199672],[126.81172236,37.47216947],[126.81150269,37.47232756],[126.81126657,37.47246979],[126.81101579,37.47259508],[126.81075227,37.47270247],[126.81047801,37.47279114],[126.81019509,37.47286043],[126.80990567,37.47290979],[126.80961196,37.47293887],[126.80931618,37.47294743],[126.80902059,37.47293541],[126.80872744,37.47290291],[126.80843897,37.47285016],[126.80815735,37.47277758],[126.80788475,37.47268570],[126.80762323,37.47257525],[126.80737479,37.47244704],[126.80714131,37.47230207],[126.80692458,37.47214142],[126.80672624,37.47196634],[126.80654780,37.47177814],[126.80639062,37.47157826],[126.80625589,37.47136823],[126.80614465,37.47114963],[126.80605773,37.47092414],[126.80599581,37.47069347],[126.80595934,37.47045937],[126.80594861,37.47022364],[126.80596370,37.46998805],[126.80600449,37.46975441],[126.80607067,37.46952449],[126.80616175,37.46930004],[126.80627702,37.46908278],[126.80641560,37.46887435],[126.80657645,37.46867634],[126.80675834,37.46849025],[126.80695989,37.46831751],[126.80717955,37.46815943],[126.80741567,37.46801721],[126.80766643,37.46789193],[126.80792994,37.46778454],[126.80820419,37.46769588],[126.80848709,37.46762660],[126.80877649,37.46757723],[126.80907018,37.46754816],[126.80936594,37.46753960],[126.80966150,37.46755161],[126.80995463,37.46758412],[126.81024309,37.46763686],[126.81052468,37.46770944],[126.81079727,37.46780130],[126.81105878,37.46791175],[126.81130721,37.46803995],[126.81154068,37.46818492],[126.81175742,37.46834555],[126.81195576,37.46852063],[126.81213421,37.46870882],[126.81229140,37.46890869],[126.81242613,37.46911872],[126.81253739,37.46933731],[126.81262433,37.46956280],[126.81268628,37.46979346],[126.81272276,37.47002756],[126.81273351,37.47026329]]]}"
6393995,"2018027","4127110400","41271001","경기도 안산시 상록구1","경기도 안산시 상록구 본오동(본원초교 부근)",3,3,0,1,2,0,126.86300000165,37.291460766502,"{""type"":""Polygon"",""coordinates"":[[[126.86638445,37.29147893],[126.86636959,37.29171454],[126.86632909,37.29194821],[126.86626325,37.29217817],[126.86617258,37.29240267],[126.86605776,37.29262001],[126.86591967,37.29282852],[126.86575936,37.29302662],[126.86557804,37.29321281],[126.86537710,37.29338566],[126.86515808,37.29354386],[126.86492262,37.29368621],[126.86467253,37.29381162],[126.86440971,37.29391914],[126.86413616,37.29400795],[126.86385397,37.29407737],[126.86356527,37.29412688],[126.86327227,37.29415609],[126.86297720,37.29416479],[126.86268230,37.29415292],[126.86238982,37.29412055],[126.86210199,37.29406794],[126.86182099,37.29399549],[126.86154896,37.29390374],[126.86128798,37.29379340],[126.86104003,37.29366531],[126.86080699,37.29352044],[126.86059065,37.29335990],[126.86039265,37.29318490],[126.86021449,37.29299678],[126.86005753,37.29279697],[126.85992297,37.29258699],[126.85981183,37.29236844],[126.85972495,37.29214298],[126.85966299,37.29191233],[126.85962644,37.29167824],[126.85961556,37.29144250],[126.85963043,37.29120690],[126.85967095,37.29097323],[126.85973681,37.29074327],[126.85982750,37.29051878],[126.85994233,37.29030145],[126.86008044,37.29009294],[126.86024076,37.28989485],[126.86042208,37.28970867],[126.86062302,37.28953583],[126.86084204,37.28937763],[126.86107749,37.28923529],[126.86132757,37.28910989],[126.86159038,37.28900238],[126.86186391,37.28891358],[126.86214609,37.28884416],[126.86243477,37.28879465],[126.86272775,37.28876544],[126.86302280,37.28875674],[126.86331767,37.28876861],[126.86361013,37.28880098],[126.86389795,37.28885359],[126.86417893,37.28892603],[126.86445094,37.28901777],[126.86471191,37.28912810],[126.86495986,37.28925619],[126.86519289,37.28940105],[126.86540922,37.28956159],[126.86560723,37.28973657],[126.86578540,37.28992469],[126.86594236,37.29012449],[126.86607694,37.29033446],[126.86618810,37.29055301],[126.86627500,37.29077846],[126.86633697,37.29100911],[126.86637354,37.29124319],[126.86638445,37.29147893]]]}"
6393997,"2018027","4127310900","41273001","경기도 안산시 단원구1","경기도 안산시 단원구 선부동(석수초교 부근)",2,2,0,2,0,0,126.805472099759,37.3443184062703,"{""type"":""Polygon"",""coordinates"":[[[126.80885888,37.34433824],[126.80884383,37.34457383],[126.80880312,37.34480748],[126.80873706,37.34503741],[126.80864615,37.34526186],[126.80853108,37.34547914],[126.80839273,37.34568758],[126.80823216,37.34588560],[126.80805057,37.34607169],[126.80784936,37.34624444],[126.80763006,37.34640253],[126.80739433,37.34654476],[126.80714397,37.34667004],[126.80688089,37.34677743],[126.80660708,37.34686610],[126.80632463,37.34693538],[126.80603570,37.34698475],[126.80574247,37.34701382],[126.80544719,37.34702238],[126.80515210,37.34701036],[126.80485944,37.34697784],[126.80457145,37.34692509],[126.80429031,37.34685250],[126.80401816,37.34676062],[126.80375709,37.34665016],[126.80350906,37.34652195],[126.80327598,37.34637697],[126.80305961,37.34621632],[126.80286161,37.34604122],[126.80268347,37.34585302],[126.80252656,37.34565314],[126.80239206,37.34544309],[126.80228101,37.34522449],[126.80219425,37.34499899],[126.80213243,37.34476832],[126.80209603,37.34453422],[126.80208532,37.34429847],[126.80210039,37.34406288],[126.80214112,37.34382924],[126.80220720,37.34359932],[126.80229813,37.34337487],[126.80241321,37.34315760],[126.80255157,37.34294917],[126.80271215,37.34275115],[126.80289374,37.34256507],[126.80309496,37.34239233],[126.80331426,37.34223424],[126.80354998,37.34209202],[126.80380033,37.34196674],[126.80406340,37.34185936],[126.80433719,37.34177070],[126.80461962,37.34170142],[126.80490854,37.34165206],[126.80520174,37.34162299],[126.80549700,37.34161443],[126.80579207,37.34162646],[126.80608471,37.34165896],[126.80637268,37.34171171],[126.80665381,37.34178430],[126.80692594,37.34187617],[126.80718700,37.34198663],[126.80743502,37.34211483],[126.80766809,37.34225980],[126.80788446,37.34242044],[126.80808247,37.34259553],[126.80826061,37.34278373],[126.80841753,37.34298360],[126.80855204,37.34319364],[126.80866311,37.34341223],[126.80874989,37.34363773],[126.80881173,37.34386840],[126.80884815,37.34410250],[126.80885888,37.34433824]]]}"
6394556,"2018027","4127310200","41273002","경기도 안산시 단원구2","경기도 안산시 단원구 와동(덕인초교 부근)",2,2,0,0,2,0,126.823144531596,37.3402812803577,"{""type"":""Polygon"",""coordinates"":[[[126.82653114,37.34030061],[126.82651615,37.34053620],[126.82647550,37.34076986],[126.82640949,37.34099979],[126.82631864,37.34122426],[126.82620363,37.34144156],[126.82606534,37.34165002],[126.82590482,37.34184806],[126.82572328,37.34203418],[126.82552213,37.34220696],[126.82530287,37.34236509],[126.82506719,37.34250735],[126.82481687,37.34263268],[126.82455382,37.34274010],[126.82428005,37.34282882],[126.82399764,37.34289814],[126.82370873,37.34294755],[126.82341553,37.34297666],[126.82312026,37.34298526],[126.82282518,37.34297329],[126.82253253,37.34294082],[126.82224454,37.34288811],[126.82196340,37.34281556],[126.82169125,37.34272372],[126.82143016,37.34261330],[126.82118211,37.34248512],[126.82094901,37.34234018],[126.82073262,37.34217956],[126.82053458,37.34200450],[126.82035641,37.34181632],[126.82019946,37.34161646],[126.82006492,37.34140643],[126.81995382,37.34118785],[126.81986701,37.34096236],[126.81980514,37.34073169],[126.81976868,37.34049760],[126.81975792,37.34026186],[126.81977294,37.34002626],[126.81981361,37.33979261],[126.81987963,37.33956268],[126.81997050,37.33933821],[126.82008552,37.33912093],[126.82022383,37.33891247],[126.82038436,37.33871443],[126.82056590,37.33852832],[126.82076706,37.33835555],[126.82098631,37.33819743],[126.82122199,37.33805518],[126.82147229,37.33792986],[126.82173533,37.33782244],[126.82200908,37.33773373],[126.82229148,37.33766441],[126.82258037,37.33761501],[126.82287355,37.33758590],[126.82316880,37.33757730],[126.82346385,37.33758927],[126.82375649,37.33762174],[126.82404446,37.33767444],[126.82432558,37.33774699],[126.82459772,37.33783882],[126.82485880,37.33794924],[126.82510683,37.33807740],[126.82533993,37.33822234],[126.82555632,37.33838295],[126.82575436,37.33855801],[126.82593254,37.33874618],[126.82608950,37.33894603],[126.82622405,37.33915605],[126.82633516,37.33937463],[126.82642199,37.33960011],[126.82648388,37.33983077],[126.82652036,37.34006487],[126.82653114,37.34030061]]]}"
6394234,"2018027","4131010300","41310001","경기도 구리시1","경기도 구리시 인창동(동인초교 부근)",2,2,0,1,1,0,127.133115238978,37.6109157853361,"{""type"":""Polygon"",""coordinates"":[[[127.13651425,37.61092630],[127.13650017,37.61116193],[127.13646032,37.61139569],[127.13639502,37.61162579],[127.13630476,37.61185049],[127.13619022,37.61206808],[127.13605228,37.61227690],[127.13589198,37.61247536],[127.13571055,37.61266195],[127.13550937,37.61283525],[127.13528996,37.61299394],[127.13505401,37.61313681],[127.13480329,37.61326278],[127.13453973,37.61337089],[127.13426532,37.61346032],[127.13398217,37.61353037],[127.13369241,37.61358053],[127.13339826,37.61361041],[127.13310195,37.61361978],[127.13280575,37.61360857],[127.13251190,37.61357686],[127.13222265,37.61352490],[127.13194019,37.61345309],[127.13166667,37.61336196],[127.13140418,37.61325222],[127.13115471,37.61312469],[127.13092016,37.61298035],[127.13070232,37.61282030],[127.13050285,37.61264576],[127.13032326,37.61245804],[127.13016491,37.61225859],[127.13002903,37.61204893],[127.12991663,37.61183063],[127.12982858,37.61160538],[127.12976554,37.61137488],[127.12972799,37.61114088],[127.12971623,37.61090517],[127.12973033,37.61066954],[127.12977019,37.61043579],[127.12983552,37.61020569],[127.12992580,37.60998099],[127.13004035,37.60976341],[127.13017830,37.60955460],[127.13033861,37.60935615],[127.13052004,37.60916957],[127.13072123,37.60899628],[127.13094063,37.60883760],[127.13117658,37.60869473],[127.13142729,37.60856876],[127.13169084,37.60846066],[127.13196523,37.60837124],[127.13224837,37.60830119],[127.13253811,37.60825104],[127.13283224,37.60822116],[127.13312852,37.60821179],[127.13342470,37.60822300],[127.13371853,37.60825471],[127.13400777,37.60830666],[127.13429021,37.60837847],[127.13456371,37.60846959],[127.13482619,37.60857933],[127.13507565,37.60870685],[127.13531019,37.60885118],[127.13552803,37.60901122],[127.13572751,37.60918576],[127.13590711,37.60937346],[127.13606546,37.60957290],[127.13620135,37.60978257],[127.13631377,37.61000085],[127.13640184,37.61022610],[127.13646490,37.61045660],[127.13650246,37.61069060],[127.13651425,37.61092630]]]}"
6394245,"2018027","4139013200","41390001","경기도 시흥시1","경기도 시흥시 정왕동(보람유치원 부근)",1,1,1,0,0,0,126.754218608603,37.3429128261669,"{""type"":""Polygon"",""coordinates"":[[[126.75760975,37.34293416],[126.75759453,37.34317005],[126.75755361,37.34340399],[126.75748730,37.34363419],[126.75739612,37.34385890],[126.75728076,37.34407641],[126.75714209,37.34428506],[126.75698117,37.34448327],[126.75679922,37.34466953],[126.75659764,37.34484242],[126.75637794,37.34500062],[126.75614181,37.34514294],[126.75589104,37.34526828],[126.75562754,37.34537569],[126.75535332,37.34546436],[126.75507046,37.34553361],[126.75478112,37.34558292],[126.75448750,37.34561190],[126.75419183,37.34562034],[126.75389636,37.34560817],[126.75360335,37.34557549],[126.75331502,37.34552254],[126.75303356,37.34544974],[126.75276113,37.34535762],[126.75249979,37.34524690],[126.75225153,37.34511841],[126.75201825,37.34497314],[126.75180171,37.34481218],[126.75160357,37.34463678],[126.75142533,37.34444824],[126.75126835,37.34424803],[126.75113382,37.34403765],[126.75102278,37.34381872],[126.75093605,37.34359289],[126.75087431,37.34336188],[126.75083802,37.34312746],[126.75082746,37.34289140],[126.75084271,37.34265551],[126.75088365,37.34242157],[126.75094997,37.34219138],[126.75104117,37.34196667],[126.75115655,37.34174917],[126.75129523,37.34154052],[126.75145616,37.34134232],[126.75163811,37.34115607],[126.75183970,37.34098319],[126.75205939,37.34082499],[126.75229552,37.34068269],[126.75254627,37.34055735],[126.75280976,37.34044995],[126.75308397,37.34036128],[126.75336681,37.34029204],[126.75365613,37.34024274],[126.75394973,37.34021375],[126.75424538,37.34020532],[126.75454083,37.34021748],[126.75483382,37.34025016],[126.75512213,37.34030310],[126.75540357,37.34037590],[126.75567599,37.34046801],[126.75593731,37.34057873],[126.75618556,37.34070721],[126.75641884,37.34085247],[126.75663538,37.34101342],[126.75683353,37.34118882],[126.75701177,37.34137734],[126.75716876,37.34157755],[126.75730330,37.34178792],[126.75741436,37.34200685],[126.75750110,37.34223268],[126.75756286,37.34246368],[126.75759917,37.34269810],[126.75760975,37.34293416]]]}"
6394557,"2018027","4217010900","42170001","강원도 동해시1","강원도 동해시 쇄운동(청운초교 부근)",2,2,0,0,2,0,129.104527403218,37.4856669188941,"{""type"":""Polygon"",""coordinates"":[[[129.10791947,37.48562079],[129.10791161,37.48585655],[129.10787800,37.48609087],[129.10781888,37.48632196],[129.10773472,37.48654807],[129.10762614,37.48676747],[129.10749398,37.48697850],[129.10733925,37.48717954],[129.10716311,37.48736907],[129.10696691,37.48754565],[129.10675214,37.48770793],[129.10652044,37.48785467],[129.10627357,37.48798477],[129.10601341,37.48809722],[129.10574194,37.48819118],[129.10546123,37.48826593],[129.10517340,37.48832089],[129.10488066,37.48835566],[129.10458524,37.48836996],[129.10428937,37.48836369],[129.10399531,37.48833690],[129.10370530,37.48828978],[129.10342155,37.48822270],[129.10314622,37.48813617],[129.10288140,37.48803085],[129.10262911,37.48790754],[129.10239127,37.48776717],[129.10216968,37.48761082],[129.10196604,37.48743967],[129.10178190,37.48725504],[129.10161865,37.48705831],[129.10147754,37.48685100],[129.10135964,37.48663467],[129.10126586,37.48641098],[129.10119689,37.48618163],[129.10115328,37.48594836],[129.10113534,37.48571295],[129.10114322,37.48547719],[129.10117685,37.48524287],[129.10123599,37.48501178],[129.10132017,37.48478568],[129.10142876,37.48456628],[129.10156093,37.48435526],[129.10171568,37.48415423],[129.10189183,37.48396470],[129.10208803,37.48378813],[129.10230280,37.48362586],[129.10253449,37.48347913],[129.10278135,37.48334904],[129.10304150,37.48323659],[129.10331296,37.48314264],[129.10359366,37.48306790],[129.10388146,37.48301294],[129.10417418,37.48297818],[129.10446959,37.48296388],[129.10476543,37.48297015],[129.10505947,37.48299694],[129.10534946,37.48304405],[129.10563319,37.48311112],[129.10590850,37.48319765],[129.10617331,37.48330297],[129.10642559,37.48342627],[129.10666343,37.48356663],[129.10688501,37.48372297],[129.10708865,37.48389411],[129.10727280,37.48407874],[129.10743605,37.48427546],[129.10757717,37.48448276],[129.10769509,37.48469908],[129.10778889,37.48492277],[129.10785787,37.48515212],[129.10790151,37.48538538],[129.10791947,37.48562079]]]}"
6394558,"2018027","4311210600","43112001","충청북도 청주시 서원구1","충청북도 청주시 서원구 분평동(남평초교 부근)",2,2,0,1,1,0,127.488768705812,36.6116784897714,"{""type"":""Polygon"",""coordinates"":[[[127.49212342,36.61167876],[127.49211063,36.61191447],[127.49207240,36.61214839],[127.49200904,36.61237873],[127.49192101,36.61260374],[127.49180899,36.61282171],[127.49167383,36.61303098],[127.49151655,36.61322996],[127.49133837,36.61341713],[127.49114063,36.61359106],[127.49092483,36.61375045],[127.49069262,36.61389406],[127.49044577,36.61402081],[127.49018616,36.61412973],[127.48991575,36.61422000],[127.48963662,36.61429092],[127.48935088,36.61434196],[127.48906071,36.61437273],[127.48876831,36.61438299],[127.48847592,36.61437268],[127.48818576,36.61434185],[127.48790003,36.61429076],[127.48762092,36.61421978],[127.48735054,36.61412946],[127.48709096,36.61402049],[127.48684415,36.61389369],[127.48661198,36.61375004],[127.48639623,36.61359062],[127.48619854,36.61341664],[127.48602041,36.61322944],[127.48586319,36.61303043],[127.48572810,36.61282114],[127.48561614,36.61260315],[127.48552817,36.61237812],[127.48546487,36.61214777],[127.48542672,36.61191384],[127.48541400,36.61167813],[127.48542681,36.61144242],[127.48546505,36.61120850],[127.48552844,36.61097816],[127.48561648,36.61075316],[127.48572852,36.61053519],[127.48586369,36.61032593],[127.48602097,36.61012696],[127.48619916,36.60993980],[127.48639690,36.60976587],[127.48661270,36.60960650],[127.48684490,36.60946289],[127.48709174,36.60933615],[127.48735134,36.60922723],[127.48762173,36.60913697],[127.48790085,36.60906605],[127.48818657,36.60901501],[127.48847672,36.60898425],[127.48876910,36.60897398],[127.48906147,36.60898430],[127.48935161,36.60901513],[127.48963732,36.60906622],[127.48991642,36.60913719],[127.49018678,36.60922750],[127.49044635,36.60933647],[127.49069316,36.60946325],[127.49092532,36.60960690],[127.49114106,36.60976632],[127.49133876,36.60994028],[127.49151689,36.61012748],[127.49167412,36.61032648],[127.49180923,36.61053576],[127.49192120,36.61075375],[127.49200918,36.61097877],[127.49207250,36.61120912],[127.49211068,36.61144304],[127.49212342,36.61167876]]]}"
6394225,"2018027","4311311400","43113001","충청북도 청주시 흥덕구1","충청북도 청주시 흥덕구 복대동(복대초교 부근)",2,2,0,1,1,0,127.448035501039,36.6283900544584,"{""type"":""Polygon"",""coordinates"":[[[127.45139093,36.62839147],[127.45137802,36.62862718],[127.45133966,36.62886108],[127.45127616,36.62909140],[127.45118799,36.62931638],[127.45107583,36.62953431],[127.45094053,36.62974354],[127.45078312,36.62994246],[127.45060480,36.63012957],[127.45040692,36.63030343],[127.45019100,36.63046274],[127.44995867,36.63060627],[127.44971170,36.63073294],[127.44945197,36.63084177],[127.44918146,36.63093195],[127.44890223,36.63100277],[127.44861640,36.63105372],[127.44832615,36.63108439],[127.44803368,36.63109455],[127.44774124,36.63108413],[127.44745103,36.63105321],[127.44716527,36.63100202],[127.44688613,36.63093094],[127.44661574,36.63084053],[127.44635616,36.63073147],[127.44610936,36.63060459],[127.44587722,36.63046086],[127.44566151,36.63030136],[127.44546386,36.63012732],[127.44528579,36.62994006],[127.44512865,36.62974100],[127.44499363,36.62953166],[127.44488177,36.62931363],[127.44479390,36.62908857],[127.44473071,36.62885820],[127.44469267,36.62862426],[127.44468007,36.62838854],[127.44469300,36.62815284],[127.44473138,36.62791894],[127.44479490,36.62768862],[127.44488308,36.62746365],[127.44499526,36.62724572],[127.44513057,36.62703650],[127.44528799,36.62683759],[127.44546631,36.62665049],[127.44566419,36.62647663],[127.44588012,36.62631733],[127.44611245,36.62617381],[127.44635941,36.62604715],[127.44661912,36.62593832],[127.44688962,36.62584815],[127.44716883,36.62577733],[127.44745464,36.62572639],[127.44774487,36.62569572],[127.44803732,36.62568556],[127.44832974,36.62569598],[127.44861993,36.62572690],[127.44890568,36.62577809],[127.44918479,36.62584915],[127.44945517,36.62593956],[127.44971474,36.62604861],[127.44996153,36.62617548],[127.45019367,36.62631921],[127.45040937,36.62647870],[127.45060702,36.62665273],[127.45078510,36.62683999],[127.45094225,36.62703904],[127.45107728,36.62724837],[127.45118916,36.62746640],[127.45127704,36.62769145],[127.45134025,36.62792182],[127.45137831,36.62815575],[127.45139093,36.62839147]]]}"
6393994,"2018027","4311311500","43113002","충청북도 청주시 흥덕구2","충청북도 청주시 흥덕구 봉명동(봉명초교 부근)",2,2,0,0,2,0,127.457346554501,36.6390404493582,"{""type"":""Polygon"",""coordinates"":[[[127.46070245,36.63904160],[127.46068956,36.63927731],[127.46065123,36.63951122],[127.46058774,36.63974154],[127.46049959,36.63996653],[127.46038744,36.64018447],[127.46025215,36.64039370],[127.46009474,36.64059264],[127.45991642,36.64077976],[127.45971853,36.64095364],[127.45950260,36.64111296],[127.45927025,36.64125651],[127.45902326,36.64138320],[127.45876351,36.64149205],[127.45849297,36.64158225],[127.45821371,36.64165310],[127.45792785,36.64170406],[127.45763756,36.64173476],[127.45734506,36.64174494],[127.45705257,36.64173455],[127.45676232,36.64170364],[127.45647652,36.64165247],[127.45619733,36.64158142],[127.45592689,36.64149104],[127.45566726,36.64138200],[127.45542042,36.64125514],[127.45518823,36.64111142],[127.45497246,36.64095194],[127.45477477,36.64077792],[127.45459666,36.64059067],[127.45443947,36.64039162],[127.45430441,36.64018229],[127.45419250,36.63996427],[127.45410459,36.63973922],[127.45404136,36.63950885],[127.45400329,36.63927492],[127.45399066,36.63903920],[127.45400357,36.63880349],[127.45404192,36.63856959],[127.45410542,36.63833927],[127.45419359,36.63811429],[127.45430576,36.63789635],[127.45444106,36.63768713],[127.45459848,36.63748820],[127.45477681,36.63730109],[127.45497469,36.63712721],[127.45519063,36.63696790],[127.45542297,36.63682435],[127.45566995,36.63669768],[127.45592969,36.63658883],[127.45620021,36.63649864],[127.45647945,36.63642780],[127.45676530,36.63637683],[127.45705556,36.63634614],[127.45734804,36.63633596],[127.45764051,36.63634635],[127.45793075,36.63637725],[127.45821653,36.63642842],[127.45849570,36.63649946],[127.45876612,36.63658985],[127.45902574,36.63669888],[127.45927258,36.63682573],[127.45950477,36.63696944],[127.45972053,36.63712891],[127.45991822,36.63730293],[127.46009634,36.63749017],[127.46025354,36.63768921],[127.46038861,36.63789853],[127.46050054,36.63811655],[127.46058846,36.63834159],[127.46065171,36.63857196],[127.46068980,36.63880589],[127.46070245,36.63904160]]]}"
6394248,"2018027","4311332021","43113003","충청북도 청주시 흥덕구3","충청북도 청주시 흥덕구 옥산면(옥산초교 부근)",1,1,1,0,0,0,127.376321114929,36.6642318592138,"{""type"":""Polygon"",""coordinates"":[[[127.37968539,36.66423531],[127.37967222,36.66447152],[127.37963355,36.66470590],[127.37956967,36.66493668],[127.37948106,36.66516210],[127.37936840,36.66538043],[127.37923255,36.66559003],[127.37907454,36.66578929],[127.37889557,36.66597669],[127.37869701,36.66615082],[127.37848037,36.66631034],[127.37824729,36.66645404],[127.37799955,36.66658083],[127.37773903,36.66668974],[127.37746773,36.66677995],[127.37718769,36.66685076],[127.37690106,36.66690164],[127.37661002,36.66693220],[127.37631678,36.66694221],[127.37602357,36.66693160],[127.37573262,36.66690043],[127.37544616,36.66684895],[127.37516635,36.66677756],[127.37489533,36.66668679],[127.37463517,36.66657734],[127.37438784,36.66645003],[127.37415522,36.66630585],[127.37393908,36.66614588],[127.37374108,36.66597134],[127.37356272,36.66578356],[127.37340534,36.66558398],[127.37327016,36.66537410],[127.37315820,36.66515553],[127.37307032,36.66492993],[127.37300717,36.66469902],[127.37296925,36.66446456],[127.37295683,36.66422832],[127.37297003,36.66399211],[127.37300872,36.66375772],[127.37307262,36.66352695],[127.37316125,36.66330154],[127.37327392,36.66308321],[127.37340978,36.66287362],[127.37356780,36.66267437],[127.37374677,36.66248697],[127.37394534,36.66231286],[127.37416198,36.66215334],[127.37439505,36.66200965],[127.37464278,36.66188287],[127.37490328,36.66177396],[127.37517457,36.66168376],[127.37545459,36.66161295],[127.37574120,36.66156207],[127.37603223,36.66153151],[127.37632545,36.66152150],[127.37661864,36.66153212],[127.37690956,36.66156329],[127.37719601,36.66161476],[127.37747580,36.66168615],[127.37774680,36.66177691],[127.37800696,36.66188636],[127.37825428,36.66201366],[127.37848690,36.66215783],[127.37870303,36.66231780],[127.37890103,36.66249232],[127.37907940,36.66268009],[127.37923678,36.66287967],[127.37937198,36.66308954],[127.37948395,36.66330810],[127.37957185,36.66353370],[127.37963502,36.66376461],[127.37967296,36.66399907],[127.37968539,36.66423531]]]}"
6394559,"2018027","4421040021","44210001","충청남도 서산시1","충청남도 서산시 고북면(고북초교 부근)",1,1,1,0,0,0,126.532039777815,36.6676851749318,"{""type"":""Polygon"",""coordinates"":[[[126.53540246,36.66771246],[126.53538672,36.66794846],[126.53534550,36.66818245],[126.53527913,36.66841266],[126.53518810,36.66863733],[126.53507311,36.66885476],[126.53493503,36.66906329],[126.53477492,36.66926132],[126.53459399,36.66944737],[126.53439362,36.66962000],[126.53417533,36.66977790],[126.53394079,36.66991988],[126.53369179,36.67004485],[126.53343020,36.67015186],[126.53315804,36.67024010],[126.53287736,36.67030889],[126.53259030,36.67035771],[126.53229906,36.67038620],[126.53200585,36.67039412],[126.53171289,36.67038143],[126.53142242,36.67034822],[126.53113664,36.67029474],[126.53085775,36.67022140],[126.53058785,36.67012876],[126.53032900,36.67001751],[126.53008317,36.66988852],[126.52985223,36.66974276],[126.52963795,36.66958134],[126.52944194,36.66940549],[126.52926571,36.66921654],[126.52911059,36.66901594],[126.52897776,36.66880521],[126.52886824,36.66858596],[126.52878286,36.66835986],[126.52872227,36.66812862],[126.52868692,36.66789400],[126.52867709,36.66765780],[126.52869285,36.66742180],[126.52873409,36.66718781],[126.52880048,36.66695760],[126.52889153,36.66673294],[126.52900653,36.66651551],[126.52914462,36.66630700],[126.52930474,36.66610897],[126.52948568,36.66592293],[126.52968605,36.66575031],[126.52990433,36.66559241],[126.53013886,36.66545044],[126.53038787,36.66532548],[126.53064944,36.66521848],[126.53092159,36.66513024],[126.53120225,36.66506146],[126.53148928,36.66501264],[126.53178051,36.66498415],[126.53207370,36.66497623],[126.53236664,36.66498892],[126.53265709,36.66502213],[126.53294284,36.66507560],[126.53322172,36.66514894],[126.53349161,36.66524158],[126.53375045,36.66535281],[126.53399627,36.66548180],[126.53422720,36.66562755],[126.53444148,36.66578896],[126.53463749,36.66596481],[126.53481373,36.66615374],[126.53496886,36.66635433],[126.53510170,36.66656506],[126.53521124,36.66678430],[126.53529663,36.66701040],[126.53535725,36.66724164],[126.53539261,36.66747626],[126.53540246,36.66771246]]]}"
6394242,"2018027","4514011400","45140001","전라북도 익산시1","전라북도 익산시 모현동1가(이리모현초교 부근)",2,2,0,0,2,0,126.939347861316,35.9458800880965,"{""type"":""Polygon"",""coordinates"":[[[126.94267404,35.94589558],[126.94265973,35.94613125],[126.94262021,35.94636501],[126.94255579,35.94659508],[126.94246695,35.94681970],[126.94235437,35.94703718],[126.94221891,35.94724585],[126.94206160,35.94744412],[126.94188364,35.94763050],[126.94168637,35.94780355],[126.94147131,35.94796196],[126.94124008,35.94810453],[126.94099445,35.94823016],[126.94073629,35.94833792],[126.94046756,35.94842696],[126.94019031,35.94849662],[126.93990665,35.94854637],[126.93961873,35.94857583],[126.93932875,35.94858477],[126.93903892,35.94857312],[126.93875144,35.94854098],[126.93846850,35.94848858],[126.93819225,35.94841633],[126.93792479,35.94832478],[126.93766817,35.94821463],[126.93742434,35.94808670],[126.93719514,35.94794199],[126.93698233,35.94778157],[126.93678752,35.94760669],[126.93661220,35.94741867],[126.93645770,35.94721894],[126.93632520,35.94700902],[126.93621570,35.94679050],[126.93613004,35.94656506],[126.93606887,35.94633441],[126.93603266,35.94610029],[126.93602168,35.94586451],[126.93603601,35.94562884],[126.93607555,35.94539508],[126.93613999,35.94516502],[126.93622884,35.94494040],[126.93634143,35.94472292],[126.93647691,35.94451426],[126.93663422,35.94431599],[126.93681219,35.94412963],[126.93700946,35.94395658],[126.93722452,35.94379818],[126.93745574,35.94365562],[126.93770136,35.94352999],[126.93795951,35.94342224],[126.93822823,35.94333320],[126.93850546,35.94326355],[126.93878911,35.94321380],[126.93907701,35.94318435],[126.93936697,35.94317541],[126.93965678,35.94318706],[126.93994424,35.94321920],[126.94022717,35.94327159],[126.94050340,35.94334383],[126.94077084,35.94343538],[126.94102745,35.94354552],[126.94127128,35.94367344],[126.94150047,35.94381815],[126.94171328,35.94397856],[126.94190809,35.94415343],[126.94208342,35.94434144],[126.94223792,35.94454117],[126.94237044,35.94475108],[126.94247995,35.94496959],[126.94256562,35.94519503],[126.94262681,35.94542568],[126.94266304,35.94565979],[126.94267404,35.94589558]]]}"
6394243,"2018027","4518010300","45180001","전라북도 정읍시1","전라북도 정읍시 상동(한솔초교 부근)",2,2,0,1,1,0,126.872136544367,35.5612433009385,"{""type"":""Polygon"",""coordinates"":[[[126.87544672,35.56126050],[126.87543229,35.56149617],[126.87539279,35.56172992],[126.87532849,35.56195997],[126.87523991,35.56218456],[126.87512771,35.56240199],[126.87499274,35.56261061],[126.87483603,35.56280881],[126.87465878,35.56299510],[126.87446233,35.56316806],[126.87424818,35.56332637],[126.87401795,35.56346883],[126.87377341,35.56359435],[126.87351640,35.56370198],[126.87324890,35.56379089],[126.87297293,35.56386041],[126.87269059,35.56391002],[126.87240404,35.56393933],[126.87211544,35.56394812],[126.87182701,35.56393632],[126.87154094,35.56390403],[126.87125940,35.56385149],[126.87098454,35.56377910],[126.87071844,35.56368740],[126.87046314,35.56357711],[126.87022057,35.56344905],[126.86999259,35.56330421],[126.86978092,35.56314368],[126.86958719,35.56296869],[126.86941285,35.56278057],[126.86925925,35.56258075],[126.86912755,35.56237075],[126.86901875,35.56215216],[126.86893367,35.56192667],[126.86887298,35.56169597],[126.86883712,35.56146182],[126.86882637,35.56122602],[126.86884081,35.56099034],[126.86888034,35.56075659],[126.86894465,35.56052655],[126.86903325,35.56030196],[126.86914547,35.56008454],[126.86928045,35.55987593],[126.86943716,35.55967773],[126.86961442,35.55949145],[126.86981087,35.55931850],[126.87002502,35.55916019],[126.87025524,35.55901774],[126.87049977,35.55889223],[126.87075676,35.55878461],[126.87102426,35.55869570],[126.87130021,35.55862618],[126.87158253,35.55857658],[126.87186907,35.55854727],[126.87215764,35.55853848],[126.87244605,35.55855028],[126.87273211,35.55858257],[126.87301363,35.55863511],[126.87328848,35.55870749],[126.87355456,35.55879918],[126.87380985,35.55890947],[126.87405241,35.55903752],[126.87428039,35.55918235],[126.87449205,35.55934287],[126.87468579,35.55951786],[126.87486013,35.55970597],[126.87501374,35.55990579],[126.87514545,35.56011578],[126.87525427,35.56033436],[126.87533936,35.56055985],[126.87540007,35.56079055],[126.87543595,35.56102469],[126.87544672,35.56126050]]]}"
6394864,"2018027","4611010300","46110001","전라남도 목포시1","전라남도 목포시 연산동(서해초교 부근)",4,4,0,1,3,0,126.381191625694,34.8108627830919,"{""type"":""Polygon"",""coordinates"":[[[126.38447108,34.81089289],[126.38445542,34.81112852],[126.38441493,34.81136212],[126.38434990,34.81159192],[126.38426083,34.81181618],[126.38414841,34.81203318],[126.38401348,34.81224127],[126.38385708,34.81243887],[126.38368038,34.81262447],[126.38348475,34.81279667],[126.38327166,34.81295415],[126.38304274,34.81309571],[126.38279973,34.81322028],[126.38254448,34.81332690],[126.38227894,34.81341477],[126.38200512,34.81348322],[126.38172510,34.81353173],[126.38144103,34.81355992],[126.38115506,34.81356758],[126.38086937,34.81355466],[126.38058612,34.81352125],[126.38030749,34.81346761],[126.38003559,34.81339414],[126.37977249,34.81330141],[126.37952018,34.81319012],[126.37928060,34.81306111],[126.37905557,34.81291538],[126.37884679,34.81275402],[126.37865586,34.81257827],[126.37848423,34.81238946],[126.37833321,34.81218903],[126.37820394,34.81197851],[126.37809741,34.81175950],[126.37801443,34.81153367],[126.37795563,34.81130273],[126.37792145,34.81106844],[126.37791217,34.81083258],[126.37792785,34.81059696],[126.37796836,34.81036336],[126.37803341,34.81013356],[126.37812249,34.80990931],[126.37823492,34.80969232],[126.37836986,34.80948424],[126.37852627,34.80928664],[126.37870297,34.80910105],[126.37889861,34.80892886],[126.37911169,34.80877139],[126.37934060,34.80862983],[126.37958360,34.80850527],[126.37983884,34.80839865],[126.38010437,34.80831079],[126.38037818,34.80824234],[126.38065817,34.80819384],[126.38094223,34.80816565],[126.38122818,34.80815798],[126.38151386,34.80817090],[126.38179708,34.80820431],[126.38207570,34.80825795],[126.38234758,34.80833141],[126.38261067,34.80842414],[126.38286297,34.80853542],[126.38310254,34.80866442],[126.38332757,34.80881015],[126.38353635,34.80897150],[126.38372728,34.80914724],[126.38389892,34.80933604],[126.38404995,34.80953646],[126.38417923,34.80974698],[126.38428577,34.80996598],[126.38436877,34.81019182],[126.38442759,34.81042275],[126.38446178,34.81065704],[126.38447108,34.81089289]]]}"
6394865,"2018027","4677025026","46770001","전라남도 고흥군1","전라남도 고흥군 고흥읍(고흥동초교 부근)",2,2,0,1,1,0,127.288519683937,34.6094478009761,"{""type"":""Polygon"",""coordinates"":[[[127.29179180,34.60945343],[127.29177876,34.60968920],[127.29174092,34.60992313],[127.29167856,34.61015345],[127.29159216,34.61037839],[127.29148237,34.61059625],[127.29135004,34.61080537],[127.29119616,34.61100417],[127.29102191,34.61119111],[127.29082862,34.61136479],[127.29061776,34.61152388],[127.29039092,34.61166716],[127.29014985,34.61179356],[127.28989636,34.61190210],[127.28963240,34.61199197],[127.28935997,34.61206247],[127.28908114,34.61211307],[127.28879804,34.61214339],[127.28851282,34.61215319],[127.28822766,34.61214240],[127.28794471,34.61211110],[127.28766614,34.61205953],[127.28739407,34.61198809],[127.28713057,34.61189731],[127.28687764,34.61178789],[127.28663720,34.61166066],[127.28641110,34.61151658],[127.28620104,34.61135677],[127.28600863,34.61118242],[127.28583534,34.61099487],[127.28568247,34.61079555],[127.28555120,34.61058597],[127.28544252,34.61036773],[127.28535726,34.61014249],[127.28529607,34.60991196],[127.28525941,34.60967790],[127.28524757,34.60944209],[127.28526062,34.60920632],[127.28529849,34.60897239],[127.28536086,34.60874208],[127.28544728,34.60851714],[127.28555708,34.60829928],[127.28568942,34.60809016],[127.28584331,34.60789138],[127.28601756,34.60770444],[127.28621085,34.60753077],[127.28642171,34.60737169],[127.28664854,34.60722841],[127.28688961,34.60710202],[127.28714308,34.60699348],[127.28740703,34.60690362],[127.28767945,34.60683313],[127.28795826,34.60678253],[127.28824134,34.60675221],[127.28852654,34.60674241],[127.28881169,34.60675320],[127.28909462,34.60678450],[127.28937317,34.60683606],[127.28964523,34.60690750],[127.28990872,34.60699828],[127.29016164,34.60710769],[127.29040206,34.60723492],[127.29062816,34.60737898],[127.29083822,34.60753879],[127.29103063,34.60771313],[127.29120393,34.60790067],[127.29135680,34.60809999],[127.29148809,34.60830956],[127.29159678,34.60852780],[127.29168206,34.60875303],[127.29174326,34.60898356],[127.29177994,34.60921762],[127.29179180,34.60945343]]]}"
6394546,"2018027","1150010500","11500001","서울특별시 강서구1","서울특별시 강서구 마곡동(공항초교 부근)",2,2,0,0,2,0,126.819172856543,37.5625948988364,"{""type"":""Polygon"",""coordinates"":[[[126.82256950,37.56261444],[126.82255444,37.56285002],[126.82251364,37.56308367],[126.82244742,37.56331359],[126.82235628,37.56353804],[126.82224091,37.56375532],[126.82210218,37.56396377],[126.82194117,37.56416179],[126.82175908,37.56434790],[126.82155731,37.56452066],[126.82133738,37.56467876],[126.82110099,37.56482101],[126.82084992,37.56494631],[126.82058608,37.56505372],[126.82031149,37.56514241],[126.82002823,37.56521171],[126.81973846,37.56526110],[126.81944439,37.56529020],[126.81914825,37.56529878],[126.81885229,37.56528678],[126.81855878,37.56525430],[126.81826994,37.56520157],[126.81798797,37.56512901],[126.81771502,37.56503716],[126.81745317,37.56492672],[126.81720440,37.56479854],[126.81697062,37.56465358],[126.81675360,37.56449295],[126.81655500,37.56431788],[126.81637632,37.56412970],[126.81621892,37.56392984],[126.81608400,37.56371981],[126.81597260,37.56350123],[126.81588555,37.56327575],[126.81582352,37.56304509],[126.81578698,37.56281100],[126.81577621,37.56257526],[126.81579129,37.56233968],[126.81583211,37.56210604],[126.81589835,37.56187612],[126.81598951,37.56165167],[126.81610490,37.56143440],[126.81624363,37.56122596],[126.81640466,37.56102794],[126.81658675,37.56084184],[126.81678852,37.56066909],[126.81700844,37.56051100],[126.81724483,37.56036876],[126.81749590,37.56024346],[126.81775972,37.56013607],[126.81803429,37.56004738],[126.81831753,37.55997808],[126.81860729,37.55992869],[126.81890134,37.55989960],[126.81919746,37.55989102],[126.81949339,37.55990301],[126.81978688,37.55993550],[126.82007571,37.55998822],[126.82035766,37.56006078],[126.82063059,37.56015262],[126.82089243,37.56026305],[126.82114119,37.56039123],[126.82137496,37.56053618],[126.82159198,37.56069679],[126.82179059,37.56087185],[126.82196928,37.56106003],[126.82212668,37.56125988],[126.82226161,37.56146990],[126.82237303,37.56168848],[126.82246010,37.56191396],[126.82252215,37.56214462],[126.82255871,37.56237871],[126.82256950,37.56261444]]]}"
6393989,"2018027","1153010200","11530001","서울특별시 구로구1","서울특별시 구로구 구로동(구일초교 부근)",2,2,0,0,1,1,126.872986970274,37.4932584623091,"{""type"":""Polygon"",""coordinates"":[[[126.87638051,37.49327643],[126.87636563,37.49351202],[126.87632505,37.49374569],[126.87625905,37.49397565],[126.87616816,37.49420015],[126.87605305,37.49441748],[126.87591461,37.49462600],[126.87575388,37.49482410],[126.87557210,37.49501029],[126.87537064,37.49518315],[126.87515104,37.49534136],[126.87491496,37.49548372],[126.87466421,37.49560914],[126.87440070,37.49571667],[126.87412642,37.49580549],[126.87384347,37.49587493],[126.87355401,37.49592445],[126.87326022,37.49595368],[126.87296436,37.49596240],[126.87266867,37.49595054],[126.87237540,37.49591819],[126.87208679,37.49586560],[126.87180503,37.49579317],[126.87153226,37.49570144],[126.87127057,37.49559112],[126.87102194,37.49546305],[126.87078827,37.49531820],[126.87057133,37.49515768],[126.87037278,37.49498269],[126.87019412,37.49479459],[126.87003672,37.49459480],[126.86990178,37.49438483],[126.86979032,37.49416630],[126.86970318,37.49394085],[126.86964104,37.49371021],[126.86960437,37.49347614],[126.86959343,37.49324040],[126.86960833,37.49300481],[126.86964893,37.49277114],[126.86971495,37.49254119],[126.86980586,37.49231669],[126.86992098,37.49209936],[126.87005944,37.49189086],[126.87022017,37.49169276],[126.87040196,37.49150658],[126.87060342,37.49133373],[126.87082302,37.49117553],[126.87105909,37.49103318],[126.87130983,37.49090776],[126.87157333,37.49080024],[126.87184759,37.49071142],[126.87213052,37.49064199],[126.87241997,37.49059247],[126.87271373,37.49056324],[126.87300957,37.49055452],[126.87330524,37.49056638],[126.87359849,37.49059873],[126.87388708,37.49065131],[126.87416883,37.49072374],[126.87444158,37.49081546],[126.87470326,37.49092577],[126.87495188,37.49105384],[126.87518555,37.49119868],[126.87540248,37.49135920],[126.87560104,37.49153417],[126.87577970,37.49172227],[126.87593711,37.49192205],[126.87607206,37.49213201],[126.87618354,37.49235054],[126.87627069,37.49257598],[126.87633286,37.49280662],[126.87636955,37.49304069],[126.87638051,37.49327643]]]}"
6394547,"2018027","1168011200","11680001","서울특별시 강남구1","서울특별시 강남구 자곡동(자곡초교 부근)",2,2,0,1,1,0,127.099631462023,37.4730045688067,"{""type"":""Polygon"",""coordinates"":[[[127.10302420,37.47301602],[127.10301005,37.47325165],[127.10297018,37.47348540],[127.10290490,37.47371549],[127.10281470,37.47394017],[127.10270028,37.47415773],[127.10256250,37.47436651],[127.10240242,37.47456493],[127.10222124,37.47475147],[127.10202035,37.47492472],[127.10180128,37.47508336],[127.10156570,37.47522617],[127.10131539,37.47535208],[127.10105227,37.47546012],[127.10077833,37.47554947],[127.10049566,37.47561945],[127.10020642,37.47566953],[127.09991280,37.47569933],[127.09961704,37.47570862],[127.09932138,37.47569732],[127.09902809,37.47566554],[127.09873939,37.47561350],[127.09845748,37.47554160],[127.09818451,37.47545040],[127.09792254,37.47534058],[127.09767359,37.47521298],[127.09743954,37.47506858],[127.09722217,37.47490847],[127.09702314,37.47473386],[127.09684396,37.47454610],[127.09668599,37.47434660],[127.09655045,37.47413689],[127.09643835,37.47391856],[127.09635056,37.47369328],[127.09628774,37.47346275],[127.09625036,37.47322874],[127.09623872,37.47299303],[127.09625290,37.47275740],[127.09629279,37.47252365],[127.09635809,37.47229356],[127.09644830,37.47206889],[127.09656273,37.47185133],[127.09670052,37.47164255],[127.09686062,37.47144414],[127.09704180,37.47125761],[127.09724269,37.47108437],[127.09746176,37.47092574],[127.09769734,37.47078293],[127.09794763,37.47065704],[127.09821074,37.47054900],[127.09848467,37.47045966],[127.09876732,37.47038968],[127.09905654,37.47033961],[127.09935014,37.47030981],[127.09964588,37.47030052],[127.09994151,37.47031181],[127.10023479,37.47034360],[127.10052347,37.47039563],[127.10080536,37.47046752],[127.10107832,37.47055872],[127.10134027,37.47066853],[127.10158921,37.47079612],[127.10182326,37.47094052],[127.10204063,37.47110062],[127.10223966,37.47127522],[127.10241885,37.47146298],[127.10257682,37.47166246],[127.10271238,37.47187217],[127.10282449,37.47209049],[127.10291230,37.47231577],[127.10297514,37.47254629],[127.10301254,37.47278030],[127.10302420,37.47301602]]]}"
6394227,"2018027","1168011800","11680002","서울특별시 강남구2","서울특별시 강남구 도곡동(언주초교 부근)",2,2,0,1,1,0,127.037893304833,37.486708581137,"{""type"":""Polygon"",""coordinates"":[[[127.04128664,37.48672180],[127.04127228,37.48695743],[127.04123221,37.48719115],[127.04116673,37.48742121],[127.04107634,37.48764584],[127.04096172,37.48786334],[127.04082374,37.48807205],[127.04066346,37.48827038],[127.04048210,37.48845683],[127.04028104,37.48862997],[127.04006180,37.48878849],[127.03982605,37.48893118],[127.03957560,37.48905695],[127.03931234,37.48916485],[127.03903828,37.48925406],[127.03875550,37.48932389],[127.03846617,37.48937382],[127.03817247,37.48940347],[127.03787665,37.48941260],[127.03758095,37.48940115],[127.03728763,37.48936921],[127.03699892,37.48931702],[127.03671702,37.48924498],[127.03644407,37.48915363],[127.03618216,37.48904368],[127.03593326,37.48891595],[127.03569929,37.48877143],[127.03548201,37.48861120],[127.03528309,37.48843649],[127.03510404,37.48824864],[127.03494621,37.48804906],[127.03481081,37.48783928],[127.03469888,37.48762089],[127.03461125,37.48739557],[127.03454861,37.48716501],[127.03451142,37.48693098],[127.03449997,37.48669526],[127.03451435,37.48645964],[127.03455444,37.48622591],[127.03461994,37.48599586],[127.03471035,37.48577124],[127.03482499,37.48555374],[127.03496297,37.48534504],[127.03512326,37.48514672],[127.03530463,37.48496028],[127.03550569,37.48478714],[127.03572493,37.48462863],[127.03596067,37.48448595],[127.03621111,37.48436019],[127.03647436,37.48425229],[127.03674840,37.48416309],[127.03703116,37.48409326],[127.03732048,37.48404334],[127.03761416,37.48401370],[127.03790996,37.48400456],[127.03820563,37.48401601],[127.03849893,37.48404795],[127.03878762,37.48410013],[127.03906950,37.48417217],[127.03934244,37.48426351],[127.03960434,37.48437346],[127.03985323,37.48450118],[127.04008720,37.48464569],[127.04030447,37.48480591],[127.04050339,37.48498061],[127.04068246,37.48516846],[127.04084029,37.48536803],[127.04097570,37.48557780],[127.04108765,37.48579618],[127.04117529,37.48602150],[127.04123796,37.48625206],[127.04127517,37.48648608],[127.04128664,37.48672180]]]}"
6394548,"2018027","1168010600","11680003","서울특별시 강남구3","서울특별시 강남구 대치동(대치초교 부근)",2,2,0,0,2,0,127.060560926547,37.4902180828991,"{""type"":""Polygon"",""coordinates"":[[[127.06395443,37.49023066],[127.06394015,37.49046628],[127.06390014,37.49070002],[127.06383473,37.49093008],[127.06374440,37.49115473],[127.06362984,37.49137225],[127.06349192,37.49158099],[127.06333169,37.49177936],[127.06315038,37.49196584],[127.06294935,37.49213902],[127.06273015,37.49229758],[127.06249444,37.49244031],[127.06224401,37.49256614],[127.06198077,37.49267409],[127.06170672,37.49276335],[127.06142396,37.49283323],[127.06113462,37.49288322],[127.06084092,37.49291292],[127.06054508,37.49292211],[127.06024937,37.49291072],[127.05995603,37.49287883],[127.05966729,37.49282670],[127.05938535,37.49275471],[127.05911236,37.49266342],[127.05885040,37.49255351],[127.05860146,37.49242583],[127.05836743,37.49228135],[127.05815009,37.49212117],[127.05795111,37.49194650],[127.05777199,37.49175867],[127.05761409,37.49155913],[127.05747863,37.49134937],[127.05736662,37.49113101],[127.05727892,37.49090570],[127.05721620,37.49067515],[127.05717895,37.49044113],[127.05716742,37.49020541],[127.05718173,37.48996979],[127.05722175,37.48973606],[127.05728718,37.48950599],[127.05737753,37.48928135],[127.05749211,37.48906383],[127.05763004,37.48885510],[127.05779027,37.48865675],[127.05797159,37.48847027],[127.05817262,37.48829710],[127.05839182,37.48813855],[127.05862752,37.48799582],[127.05887794,37.48787001],[127.05914117,37.48776206],[127.05941520,37.48767281],[127.05969795,37.48760293],[127.05998727,37.48755294],[127.06028095,37.48752325],[127.06057677,37.48751406],[127.06087246,37.48752545],[127.06116578,37.48755733],[127.06145450,37.48760946],[127.06173642,37.48768144],[127.06200939,37.48777273],[127.06227134,37.48788263],[127.06252028,37.48801030],[127.06275430,37.48815477],[127.06297163,37.48831495],[127.06317062,37.48848961],[127.06334975,37.48867742],[127.06350765,37.48887697],[127.06364313,37.48908671],[127.06375515,37.48930507],[127.06384287,37.48953038],[127.06390560,37.48976092],[127.06394289,37.48999494],[127.06395443,37.49023066]]]}"
6394249,"2018027","1174010700","11740001","서울특별시 강동구1","서울특별시 강동구 암사동(보람나무어린이집 부근)",1,1,1,0,0,0,127.135050591713,37.5518083771558,"{""type"":""Polygon"",""coordinates"":[[[127.13845483,37.55181885],[127.13844073,37.55205503],[127.13840084,37.55228933],[127.13833544,37.55251998],[127.13824505,37.55274520],[127.13813034,37.55296330],[127.13799219,37.55317261],[127.13783166,37.55337154],[127.13764995,37.55355857],[127.13744846,37.55373228],[127.13722873,37.55389135],[127.13699241,37.55403456],[127.13674132,37.55416083],[127.13647735,37.55426920],[127.13620253,37.55435884],[127.13591894,37.55442906],[127.13562874,37.55447935],[127.13533413,37.55450930],[127.13503737,37.55451870],[127.13474072,37.55450746],[127.13444641,37.55447569],[127.13415671,37.55442362],[127.13387381,37.55435164],[127.13359987,37.55426030],[127.13333697,37.55415031],[127.13308712,37.55402249],[127.13285221,37.55387782],[127.13263403,37.55371740],[127.13243424,37.55354245],[127.13225437,37.55335430],[127.13209578,37.55315439],[127.13195967,37.55294423],[127.13184710,37.55272543],[127.13175890,37.55249965],[127.13169576,37.55226861],[127.13165815,37.55203407],[127.13164636,37.55179781],[127.13166047,37.55156163],[127.13170039,37.55132733],[127.13176580,37.55109669],[127.13185622,37.55087146],[127.13197094,37.55065337],[127.13210910,37.55044407],[127.13226964,37.55024515],[127.13245135,37.55005813],[127.13265284,37.54988443],[127.13287257,37.54972537],[127.13310888,37.54958216],[127.13335997,37.54945590],[127.13362392,37.54934754],[127.13389873,37.54925791],[127.13418231,37.54918768],[127.13447249,37.54913741],[127.13476707,37.54910745],[127.13506381,37.54909806],[127.13536044,37.54910929],[127.13565472,37.54914106],[127.13594441,37.54919313],[127.13622729,37.54926510],[127.13650121,37.54935643],[127.13676410,37.54946642],[127.13701395,37.54959423],[127.13724885,37.54973889],[127.13746703,37.54989931],[127.13766682,37.55007425],[127.13784670,37.55026239],[127.13800530,37.55046229],[127.13814141,37.55067244],[127.13825401,37.55089124],[127.13834222,37.55111701],[127.13840538,37.55134805],[127.13844301,37.55158259],[127.13845483,37.55181885]]]}"
6393993,"2018027","2623010100","26230001","부산광역시 부산진구1","부산광역시 부산진구 양정동(양정초교 부근)",2,2,0,0,2,0,129.070937889373,35.174368322441,"{""type"":""Polygon"",""coordinates"":[[[129.07423126,35.17432556],[129.07422327,35.17456140],[129.07419028,35.17479577],[129.07413254,35.17502690],[129.07405048,35.17525301],[129.07394473,35.17547238],[129.07381610,35.17568336],[129.07366556,35.17588432],[129.07349426,35.17607375],[129.07330350,35.17625020],[129.07309475,35.17641233],[129.07286957,35.17655890],[129.07262969,35.17668880],[129.07237693,35.17680104],[129.07211322,35.17689476],[129.07184057,35.17696925],[129.07156104,35.17702395],[129.07127677,35.17705844],[129.07098993,35.17707246],[129.07070268,35.17706589],[129.07041723,35.17703879],[129.07013574,35.17699137],[129.06986035,35.17692399],[129.06959317,35.17683715],[129.06933622,35.17673152],[129.06909146,35.17660791],[129.06886076,35.17646725],[129.06864586,35.17631062],[129.06844841,35.17613921],[129.06826991,35.17595432],[129.06811171,35.17575736],[129.06797503,35.17554982],[129.06786089,35.17533330],[129.06777017,35.17510943],[129.06770357,35.17487992],[129.06766157,35.17464652],[129.06764452,35.17441100],[129.06765252,35.17417516],[129.06768553,35.17394078],[129.06774330,35.17370967],[129.06782537,35.17348356],[129.06793113,35.17326419],[129.06805978,35.17305322],[129.06821032,35.17285226],[129.06838163,35.17266284],[129.06857239,35.17248640],[129.06878115,35.17232428],[129.06900632,35.17217771],[129.06924619,35.17204782],[129.06949894,35.17193559],[129.06976264,35.17184187],[129.07003528,35.17176738],[129.07031479,35.17171269],[129.07059904,35.17167820],[129.07088587,35.17166419],[129.07117309,35.17167075],[129.07145853,35.17169785],[129.07174000,35.17174527],[129.07201537,35.17181265],[129.07228254,35.17189948],[129.07253947,35.17200510],[129.07278422,35.17212871],[129.07301492,35.17226936],[129.07322981,35.17242598],[129.07342726,35.17259739],[129.07360577,35.17278227],[129.07376397,35.17297923],[129.07390067,35.17318675],[129.07401482,35.17340327],[129.07410555,35.17362714],[129.07417218,35.17385664],[129.07421419,35.17409004],[129.07423126,35.17432556]]]}"
6394549,"2018027","2626010800","26260001","부산광역시 동래구1","부산광역시 동래구 온천동(온천초교 부근)",2,2,0,0,2,0,129.073597093832,35.2130284118326,"{""type"":""Polygon"",""coordinates"":[[[129.07689202,35.21298553],[129.07688404,35.21322137],[129.07685105,35.21345575],[129.07679329,35.21368687],[129.07671120,35.21391298],[129.07660542,35.21413236],[129.07647673,35.21434334],[129.07632613,35.21454431],[129.07615476,35.21473374],[129.07596393,35.21491020],[129.07575508,35.21507233],[129.07552980,35.21521891],[129.07528981,35.21534881],[129.07503694,35.21546106],[129.07477311,35.21555479],[129.07450033,35.21562930],[129.07422068,35.21568400],[129.07393628,35.21571850],[129.07364929,35.21573253],[129.07336191,35.21572597],[129.07307632,35.21569888],[129.07279470,35.21565147],[129.07251918,35.21558409],[129.07225186,35.21549727],[129.07199479,35.21539165],[129.07174991,35.21526805],[129.07151909,35.21512740],[129.07130408,35.21497078],[129.07110653,35.21479937],[129.07092793,35.21461449],[129.07076965,35.21441753],[129.07063289,35.21421001],[129.07051869,35.21399349],[129.07042792,35.21376962],[129.07036127,35.21354012],[129.07031924,35.21330672],[129.07030216,35.21307120],[129.07031016,35.21283536],[129.07034318,35.21260099],[129.07040095,35.21236987],[129.07048306,35.21214376],[129.07058886,35.21192439],[129.07071755,35.21171342],[129.07086816,35.21151245],[129.07103954,35.21132303],[129.07123038,35.21114658],[129.07143923,35.21098445],[129.07166450,35.21083788],[129.07190448,35.21070798],[129.07215734,35.21059575],[129.07242116,35.21050202],[129.07269392,35.21042752],[129.07297356,35.21037282],[129.07325794,35.21033832],[129.07354491,35.21032430],[129.07383227,35.21033085],[129.07411784,35.21035794],[129.07439945,35.21040535],[129.07467495,35.21047272],[129.07494225,35.21055954],[129.07519932,35.21066515],[129.07544419,35.21078875],[129.07567500,35.21092939],[129.07589000,35.21108601],[129.07608756,35.21125740],[129.07626616,35.21144228],[129.07642445,35.21163923],[129.07656122,35.21184675],[129.07667543,35.21206326],[129.07676622,35.21228712],[129.07683289,35.21251662],[129.07687493,35.21275002],[129.07689202,35.21298553]]]}"
6394233,"2018027","2720010200","27200001","대구광역시 남구1","대구광역시 남구 봉덕동(봉덕초교 부근)",2,2,0,1,1,0,128.598393330889,35.8400711621553,"{""type"":""Polygon"",""coordinates"":[[[128.60171464,35.84004076],[128.60170526,35.84027657],[128.60167067,35.84051083],[128.60161115,35.84074173],[128.60152713,35.84096754],[128.60141926,35.84118652],[128.60128836,35.84139701],[128.60113543,35.84159742],[128.60096162,35.84178620],[128.60076827,35.84196194],[128.60055685,35.84212328],[128.60032895,35.84226901],[128.60008633,35.84239801],[128.59983082,35.84250930],[128.59956436,35.84260204],[128.59928900,35.84267551],[128.59900681,35.84272916],[128.59871996,35.84276258],[128.59843062,35.84277552],[128.59814100,35.84276787],[128.59785330,35.84273971],[128.59756971,35.84269123],[128.59729238,35.84262281],[128.59702344,35.84253497],[128.59676492,35.84242837],[128.59651880,35.84230384],[128.59628695,35.84216232],[128.59607112,35.84200488],[128.59587298,35.84183272],[128.59569401,35.84164716],[128.59553559,35.84144960],[128.59539892,35.84124155],[128.59528504,35.84102460],[128.59519482,35.84080038],[128.59512894,35.84057062],[128.59508790,35.84033706],[128.59507202,35.84010148],[128.59508142,35.83986566],[128.59511603,35.83963141],[128.59517557,35.83940051],[128.59525961,35.83917471],[128.59536749,35.83895573],[128.59549840,35.83874524],[128.59565134,35.83854484],[128.59582515,35.83835606],[128.59601851,35.83818034],[128.59622993,35.83801900],[128.59645782,35.83787328],[128.59670044,35.83774429],[128.59695594,35.83763300],[128.59722238,35.83754027],[128.59749773,35.83746681],[128.59777990,35.83741316],[128.59806673,35.83737974],[128.59835605,35.83736681],[128.59864565,35.83737445],[128.59893334,35.83740262],[128.59921691,35.83745109],[128.59949422,35.83751951],[128.59976314,35.83760735],[128.60002165,35.83771393],[128.60026776,35.83783846],[128.60049961,35.83797997],[128.60071543,35.83813740],[128.60091358,35.83830955],[128.60109255,35.83849511],[128.60125098,35.83869266],[128.60138766,35.83890070],[128.60150155,35.83911765],[128.60159179,35.83934186],[128.60165769,35.83957161],[128.60169874,35.83980517],[128.60171464,35.84004076]]]}"
